sn, gameURL, rated, startTime, endTime, halfMoves, victoryReason, gameResult, winner, timeControl, whiteUsername, whiteRating, blackUsername, blackRating, moves, endingFEN, ECO, ECOURL, ECOName
43,18341455801,True,1624620676.0,1624620789.0,55,Amateur_49 won by checkmate,1-0,white,60,Amateur_49,1136,YiyimTahirBengkulu,1132,e4 d5 Nf3 dxe4 Ng1 b6 Nc3 Bb7 d3 exd3 cxd3 c5 Be3 Nf6 Nf3 Nc6 Be2 e6 Na4 Rc8 Nc3 Bd6 a3 Bb8 Qc2 O-O Rd1 Nd5 Nxd5 exd5 d4 Qe8 dxc5 bxc5 Bxc5 Qe6 Bxf8 Rxf8 O-O Re8 Rfe1 Qd6 Bd3 Nd4 Rxe8+ Qf8 Rxf8+ Kxf8 Qc5+ Kg8 Qxd4 h6 Qh4 d4 Qd8#,1b1Q2k1/pb3pp1/7p/8/3p4/P2B1N2/1P3PPP/3R2K1 b - -,A06,https://www.chess.com/openings/Reti-Opening-Tennison-Gambit,Reti-Opening-Tennison-Gambit,
50,17843437085,True,1624122291.0,1624123215.0,70,NextDewa_Kipas won on time,0-1,black,600,vamsikrish1n,1796,NextDewa_Kipas,1833,e4 c5 Nf3 e6 d4 cxd4 Nxd4 Nc6 Nxc6 bxc6 Bd3 Qc7 O-O Rb8 Nc3 Nf6 b3 Bd6 f4 e5 f5 Bb4 Ne2 d5 Ng3 Qb6+ Kh1 Bc3 Rb1 h5 Bg5 h4 Ne2 Bb4 Bxf6 gxf6 c3 Be7 exd5 cxd5 Ng1 Bd7 Qg4 Kf8 Nf3 Rc8 Nxh4 Rxc3 Be2 Qb4 Qxb4 Bxb4 Nf3 Rc2 Bd3 Rxa2 Ne1 e4 Bc2 Bb5 Rf2 Kg7 g4 d4 Rc1 a5 Rg2 d3 Bd1 d2,7r/5pk1/5p2/pb3P2/1b2p1P1/1P6/r2p2RP/2RBN2K w - -,B44,https://www.chess.com/openings/Sicilian-Defense-Taimanov-Variation,Sicilian-Defense-Taimanov-Variation,
184,16275935927,True,1622555141.0,1622555986.0,62,aditya_shri won by checkmate,0-1,black,300+5,nimrod1993,1702,aditya_shri,1672,d4 Nf6 c4 g6 Nc3 Bg7 e4 d6 f3 O-O Bg5 c5 d5 a6 a4 Nbd7 Nge2 Ne5 Ng3 Qc7 Be2 e6 O-O exd5 Bxf6 Bxf6 Nxd5 Qd8 Nxf6+ Qxf6 b3 h5 Qd2 h4 Nh1 h3 g3 Nc6 Rad1 Nd4 Qd3 Bd7 Nf2 b5 axb5 axb5 f4 bxc4 bxc4 Ra2 Rd2 Rfa8 e5 dxe5 Ne4 Qc6 fxe5 Rxd2 Nf6+ Kg7 Qf5 Qg2#,r7/3b1pk1/5Np1/2p1PQ2/2Pn4/6Pp/3rB1qP/5RK1 w - -,E81,https://www.chess.com/openings/Kings-Indian-Defense-Samisch-Steiner-Attack-6...c5-7.d5-a6,Kings-Indian-Defense-Samisch-Steiner-Attack-6...c5-7.d5-a6,
192,17763122683,True,1624042160.0,1624042175.0,12,jensonfernando won by resignation,0-1,black,60,ferna0508,1497,jensonfernando,1552,e4 e6 Nf3 d5 Nc3 dxe4 Nxe4 Nf6 Nxf6+ Qxf6 d4 Nc6,r1b1kb1r/ppp2ppp/2n1pq2/8/3P4/5N2/PPP2PPP/R1BQKB1R w KQkq -,C00,https://www.chess.com/openings/French-Defense-Knight-Variation-Two-Knights-Variation,French-Defense-Knight-Variation-Two-Knights-Variation,
231,17911295731,True,1624190423.0,1624190706.0,97,vjveera won by checkmate,1-0,white,300,vjveera,1692,pabbuT,1638,d4 d5 e3 Nc6 a3 e5 dxe5 Nxe5 h3 Bc5 b4 Bb6 Bb2 Qd6 Nf3 Nxf3+ Qxf3 f6 Bd3 d4 exd4 Bxd4 Qe4+ Ne7 Qxd4 Qxd4 Bxd4 Be6 O-O O-O-O Re1 Bxh3 Rxe7 Bxg2 Kxg2 Rxd4 Rxg7 a6 Rxh7 Rg8+ Kf3 Kb8 Nd2 Rf8 Ne4 f5 Nc5 Rd5 Nd7+ Rxd7 Rxd7 Rh8 Bxf5 Rf8 Kg4 b6 Rad1 Kb7 Re1 Kc6 Ree7 Kb5 Rxc7 Ka4 Ra7 Kxa3 Rxa6+ Kxb4 Rxb6+ Kc3 Rc7+ Kd2 Rd6+ Kc1 c4 Kb2 c5 Kc3 c6 Kc4 Rdd7 Kc5 Be4 Rg8+ Kf4 Rf8+ Ke3 Re8 f3 Ra8 Rd5+ Kb6 Rb7+ Ka6 Rd3 Rc8 Ra3#,2r5/1R6/k1P5/8/4B3/R3KP2/8/8 b - -,D00,https://www.chess.com/openings/Queens-Pawn-Opening-1...d5-2.e3,Queens-Pawn-Opening-1...d5-2.e3,
240,16612514879,True,1622891482.0,1622891817.0,25,Mizowitsch won by resignation,1-0,white,300+5,Mizowitsch,1298,seby1990,1119,e4 b6 d4 Bb7 Nc3 e6 Bd3 h6 f4 c5 Nf3 cxd4 Nxd4 Bc5 Nb3 Qh4+ g3 Qh3 Nxc5 bxc5 Bf1 Nc6 Bxh3 O-O-O Be3,2kr2nr/pb1p1pp1/2n1p2p/2p5/4PP2/2N1B1PB/PPP4P/R2QK2R b KQ -,B00,https://www.chess.com/openings/Kings-Pawn-Opening-Owens-Defense-2.d4-Bb7,Kings-Pawn-Opening-Owens-Defense-2.d4-Bb7,
244,16692371503,True,1622971671.0,1622971813.0,94,Wangess won on time,0-1,black,60,K33psmiling,1651,Wangess,1699,d4 Nf6 Bf4 e6 Nf3 d5 e3 c5 c3 Nc6 Be2 b6 O-O Bb7 Nbd2 Be7 b3 O-O Qc2 Rc8 Rad1 c4 bxc4 dxc4 Bxc4 Na5 Bd3 Nd5 Bg3 Nxc3 Qb2 Bxf3 Nxf3 Nd5 Ne5 Bf6 Ba6 Rb8 Bb5 Rc8 Nd7 Re8 Nxf6+ Nxf6 Bxe8 Qxe8 Rc1 Rxc1 Rxc1 h6 Qc3 Qa4 a3 Nd5 Qc8+ Kh7 Qf8 Kg6 h4 Qd7 Qd6 Qxd6 Bxd6 Nf6 Be5 Nb3 Rc7 Nd2 f3 Nb3 Rxa7 Na5 Ra6 Nc6 Rxb6 Nxe5 dxe5 Nd7 Rb7 Nxe5 a4 Kf6 a5 Nc4 a6 Na5 a7 Nc6 a8=Q Na7 Qxa7 e5 Rxf7+ Kg6,8/Q4Rp1/6kp/4p3/7P/4PP2/6P1/6K1 w - -,A45,https://www.chess.com/openings/Indian-Game,Indian-Game,
273,18829297263,True,1625108565.0,1625108798.0,105,Niick7 won by checkmate,1-0,white,180,Niick7,1883,Tintweezl,1732,e4 e5 d4 exd4 c3 dxc3 Nxc3 Bb4 Nf3 Bxc3+ bxc3 Qe7 Be2 d6 O-O Bg4 Ba3 Nf6 e5 Bxf3 exf6 gxf6 Bxf3 Kd8 Bxb7 c6 Bxa8 Rg8 Qa4 Qc7 Rad1 d5 g3 h5 Qh4 Qe5 Rfe1 Qg5 Be7+ Kd7 Qh3+ Qg4 Qxg4+ hxg4 Bxf6 Rg6 Re7+ Kd8 Rxf7+ Ke8 Re7+ Kf8 Bh4 Rg7 Rxg7 Kxg7 Rb1 Na6 Bxc6 Nc5 Bxd5 Nd3 Rb7+ Kg6 Rxa7 Ne5 Kg2 Nf3 Bxf3 gxf3+ Kxf3 Kf5 h3 Ke6 Ke4 Kd6 Be7+ Kc6 Bb4 Kb6 Rh7 Kb5 Kd3 Ka4 Ra7+ Kb5 a3 Kb6 Rh7 Kb5 c4+ Ka4 Ra7+ Kb3 c5 Kb2 c6 Kb3 c7 Kb2 c8=Q Ka2 Qc2+ Ka1 Bc3#,8/R7/8/8/8/P1BK2PP/2Q2P2/k7 b - -,C21,https://www.chess.com/openings/Center-Game-Accepted-Danish-Gambit-3...dxc3,Center-Game-Accepted-Danish-Gambit-3...dxc3,
299,18179486237,True,1624458513.0,1624459209.0,45,yuri547 won by resignation,1-0,white,600,yuri547,1557,kalee812,1574,e4 c5 Nf3 d6 d4 cxd4 Nxd4 Nf6 Nc3 g6 Bg5 Bg7 Bb5+ Bd7 Qe2 O-O O-O-O Qb6 Bxf6 Bxf6 Nd5 Bxb5 Nxb5 Nd7 Nxb6 axb6 Kb1 Nc5 f4 Na4 e5 dxe5 fxe5 Bg7 Nc7 Rac8 Rd7 Nc5 Rxe7 Rfd8 Rf1 Bh6 Qf3 f5 exf6,2rr2k1/1pN1R2p/1p3Ppb/2n5/8/5Q2/PPP3PP/1K3R2 b - -,B70,https://www.chess.com/openings/Sicilian-Defense-Open-Dragon-Variation-6.Bg5-Bg7,Sicilian-Defense-Open-Dragon-Variation-6.Bg5-Bg7,
336,17077326817,True,1623356196.0,1623356888.0,98,mansourbarca won by checkmate,0-1,black,600,Dipukumarnath,1675,mansourbarca,1613,d4 e6 c4 Qf6 Nc3 Bb4 Nf3 Bxc3+ bxc3 h6 e4 d6 d5 e5 Ba3 Bg4 Be2 Qg6 Qc2 Bxf3 Bxf3 Ne7 c5 O-O cxd6 cxd6 Bxd6 Qxd6 c4 Qb4+ Qd2 Qxd2+ Kxd2 Nd7 Ke3 Ng6 Rhd1 Nc5 Rab1 b6 Bg4 Rfd8 d6 Na4 Rd3 Nc5 Rd5 f6 Bf5 Nf4 Rd2 Nxg2+ Ke2 Nf4+ Kf3 Kf7 Rg1 Nce6 h4 Rac8 Rc1 Rc5 a4 Rc6 c5 bxc5 d7 Nd4+ Ke3 Ng2+ Kd3 Nxh4 Bg4 Nb3 Rb1 Nxd2 Kxd2 Rd6+ Ke3 c4 Rb7 Rd3+ Ke2 Rd4 f3 a6 Rc7 Ng6 Rc6 Nf4+ Kf2 Rd2+ Ke3 Rd3+ Kf2 Rd2+ Ke3 Re2#,3r4/3P1kp1/p1R2p1p/4p3/P1p1PnB1/4KP2/4r3/8 w - -,A40,https://www.chess.com/openings/Queens-Pawn-Opening-Horwitz-Defense-2.c4,Queens-Pawn-Opening-Horwitz-Defense-2.c4,
347,18128576947,True,1624407789.0,1624408784.0,105,MarkViTenorSax won by resignation,1-0,white,600,MarkViTenorSax,2102,advmadhu,2083,e4 d6 d4 Nf6 Nc3 Nc6 d5 Nb8 Nf3 e5 Bc4 a6 O-O b5 Bd3 Bg4 h3 Bc8 b4 Be7 a4 bxa4 Nxa4 Nbd7 Be3 Nf8 Nc3 Ng6 Qe2 O-O Bxa6 Bd7 Bb5 Bxb5 Qxb5 Nh5 g3 Rxa1 Rxa1 Qc8 Kg2 h6 Qc4 Kh7 Ra7 Bd8 Nb5 f5 Nxd6 Qd7 exf5 Ngf4+ gxf4 Qxd6 fxe5 Qd7 Nd4 Qe7 d6 Qxe5 Ne6 Rxf5 Ra5 Qf6 dxc7 Bxc7 Rxf5 Qxf5 Nxc7 Nf6 Qd3 Ne4 Nd5 g6 Qd4 Ng5 Nf6+ Kg7 Nh5+ Kf7 Qa7+ Kf8 Bc5+ Qxc5 Qxc5+ Kf7 Qd5+ Ke7 Qxg5+ hxg5 Ng3 Kd6 Ne4+ Ke5 Nxg5 Kd4 Ne6+ Ke5 Nc5 Kd5 Kg3 Kc4 c3 Kd5 Kg4,8/8/6p1/2Nk4/1P4K1/2P4P/5P2/8 b - -,B07,https://www.chess.com/openings/Pirc-Defense-2.d4-Nf6-3.Nc3,Pirc-Defense-2.d4-Nf6-3.Nc3,
357,18157265227,True,1624436232.0,1624436279.0,30,garvit4356 won by resignation,0-1,black,60,DevD168,1633,garvit4356,1676,e4 e5 Nf3 Nc6 Bc4 Nf6 Ng5 Bc5 O-O O-O d3 h6 h3 hxg5 Bxg5 Nd4 c3 Ne6 Bh4 Be7 Bg3 c6 f4 exf4 Bxf4 Nxf4 Rxf4 d5 Nd2 dxc4,r1bq1rk1/pp2bpp1/2p2n2/8/2p1PR2/2PP3P/PP1N2P1/R2Q2K1 w - -,C57,https://www.chess.com/openings/Italian-Game-Traxler-Counterattack,Italian-Game-Traxler-Counterattack,
396,16314898107,True,1622593852.0,1622594196.0,69,hagemaru17241100 won on time,1-0,white,180,hagemaru17241100,1657,milijaknezevic9,1596,e4 e5 Nf3 Nc6 d4 exd4 Bc4 Bc5 c3 dxc3 Qd5 Qe7 Nxc3 d6 Bg5 f6 Bf4 Bg4 Nb5 a6 Nc3 Bxf3 gxf3 Nd4 Qxb7 Rd8 Bxa6 Nc2+ Kd2 Nxa1 Rxa1 Bxf2 Bb5+ Kf7 Qd5+ Kg6 Qf5+ Kf7 Bc4+ Kf8 Nd5 Qd7 Qh5 Ne7 Nxf6 g6 Nxd7+ Rxd7 Qh6+ Ke8 Qg7 Rg8 Bxg8 Nxg8 Qxg8+ Ke7 Qxh7+ Kd8 Bg5+ Kc8 Qxg6 Kb7 Rc1 Bb6 Rc3 d5 Kc2 d4 Rb3,8/1kpr4/1b4Q1/6B1/3pP3/1R3P2/PPK4P/8 b - -,C44,https://www.chess.com/openings/Scotch-Game-Scotch-Gambit-Haxo-Gambit-5.c3,Scotch-Game-Scotch-Gambit-Haxo-Gambit-5.c3,
8,18301927937,True,1624581145.0,1624581240.0,46,padre16 won by checkmate,0-1,black,60,Arjuna05,1432,padre16,1469,d4 e5 Nf3 e4 Nfd2 d5 e3 f5 f3 Bd6 fxe4 fxe4 Bb5+ c6 Ba4 Qh4+ g3 Qh3 Qe2 Bxg3+ Kd1 Bd6 c3 Bg4 Qxg4 Qxg4+ Kc2 Na6 h3 Qg2 Na3 Qxh1 Rb1 Bxa3 bxa3 Rb8 Bb2 Qxh3 Bb3 Qxe3 c4 Qd3+ Kd1 e3 Bc2 Qxd2#,1r2k1nr/pp4pp/n1p5/3p4/2PP4/P3p3/PBBq4/1R1K4 w k -,A40,https://www.chess.com/openings/Englund-Gambit-Declined-Reversed-Alekhine-Reversed-Krebs-Variation,Englund-Gambit-Declined-Reversed-Alekhine-Reversed-Krebs-Variation,
32,16465549999,True,1622744537.0,1622745060.0,44,chanchalkri won by resignation,0-1,black,600,Sameir31,1705,chanchalkri,1661,e4 c5 Nf3 d6 d4 cxd4 Nxd4 Nf6 Nc3 a6 Bd3 e5 Nf5 Be6 Ng3 b5 b4 Nbd7 a3 Nb6 Bb2 Nc4 Bxc4 Bxc4 Nce2 Be7 O-O O-O Re1 Rc8 Qd2 Qb6 h3 Rfd8 Nf5 Bf8 Neg3 Be6 Rad1 Qc6 Re2 Bc4 Qd5 Bxd5,2rr1bk1/5ppp/p1qp1n2/1p1bpN2/1P2P3/P5NP/1BP1RPP1/3R2K1 w - -,B90,https://www.chess.com/openings/Sicilian-Defense-Open-Najdorf-Variation,Sicilian-Defense-Open-Najdorf-Variation,
54,17851279121,True,1624130236.0,1624130868.0,56,Vanan_N_Tamil won by checkmate,0-1,black,600,racash001,1628,Vanan_N_Tamil,1575,e4 e5 Nf3 Nc6 d3 Bc5 Bd2 d6 Be2 Bg4 O-O Nge7 Nc3 O-O Nd5 Bxf3 Bxf3 Ng6 c4 Kh8 Bh5 Nd4 b4 c6 Ne3 Bb6 c5 dxc5 bxc5 Bxc5 Bc3 Qg5 Nc4 Nf4 Bf3 b5 Na5 f5 Nb7 Bb6 exf5 Rxf5 Nd6 Nh3+ Kh1 Nxf3 gxf3 Nxf2+ Rxf2 Bxf2 Nxf5 Qxf5 Qe2 Bb6 Qxe5 Qxf3#,r6k/p5pp/1bp5/1p2Q3/8/2BP1q2/P6P/R6K w - -,C44,https://www.chess.com/openings/Kings-Pawn-Opening-Kings-Knight-Variation-2...Nc6,Kings-Pawn-Opening-Kings-Knight-Variation-2...Nc6,
104,16973556997,True,1623252528.0,1623252783.0,55,serpantin621 won by resignation,1-0,white,180,serpantin621,1898,Akshay1314,1867,e4 e5 Nf3 d5 Nxe5 Nd7 Nxd7 Bxd7 exd5 Bd6 c4 Qh4 Qe2+ Ne7 g3 Qf6 Nc3 O-O-O Ne4 Qg6 Nxd6+ Qxd6 Bg2 h5 O-O h4 d4 hxg3 fxg3 Nf5 Qe5 Qb4 Rxf5 Bxf5 Qxf5+ Kb8 Bg5 Qxb2 Rb1 Qxd4+ Kh1 Rd6 Rc1 f6 Bf4 Rdd8 c5 g5 Bxc7+ Kxc7 d6+ Kb8 Rb1 Qe5 Rxb7+,1k1r3r/pR6/3P1p2/2P1qQp1/8/6P1/P5BP/7K b - -,C40,https://www.chess.com/openings/Kings-Pawn-Opening-Kings-Knight-Elephant-Gambit-3.Nxe5,Kings-Pawn-Opening-Kings-Knight-Elephant-Gambit-3.Nxe5,
108,16807632881,True,1623086896.0,1623087194.0,93,inayawan won by resignation,1-0,white,300,inayawan,1818,abhijitloveschess423,1805,e4 d5 e5 c5 d4 cxd4 Qxd4 Nc6 Bb5 e6 Bxc6+ bxc6 Nf3 g6 Nc3 Bg7 O-O Ne7 Bg5 O-O Qc5 Re8 Bxe7 Qxe7 Qxc6 Bd7 Qa6 Qb4 Rab1 d4 Ne4 Bb5 Qa3 Qxa3 bxa3 Bxf1 Kxf1 Rab8 Rb3 Rxb3 axb3 Rc8 Nxd4 Bxe5 c3 Bxd4 cxd4 f5 Nc5 e5 b4 exd4 Ke2 a5 Kd3 axb4 axb4 Rb8 Kc4 Kf7 b5 Kf6 Nd7+ Ke6 Nxb8 Ke5 Kd3 Kd5 Nd7 g5 Nf6+ Kc5 Nxh7 g4 h3 gxh3 gxh3 Kxb5 Kxd4 Kc6 Ke5 Kd7 Kxf5 Ke7 Kg6 Ke6 f4 Ke7 f5 Ke8 f6 Kd7 f7,8/3k1P1N/6K1/8/8/7P/8/8 b - -,B01,https://www.chess.com/openings/Scandinavian-Defense,Scandinavian-Defense,
151,16591503079,True,1622870406.0,1622870489.0,30,IlijaMutavdzic won by checkmate,0-1,black,60+1,2anirban,965,IlijaMutavdzic,1033,e4 e5 Nf3 d6 Bc4 Bg4 d4 Bxf3 gxf3 Nf6 Nc3 h6 Be2 Be7 O-O O-O dxe5 Nh5 exd6 Bxd6 Be3 Nd7 Nb5 Bf4 Bxf4 Nxf4 Bc4 Qg5+ Kh1 Qg2#,r4rk1/pppn1pp1/7p/1N6/2B1Pn2/5P2/PPP2PqP/R2Q1R1K w - -,C41,https://www.chess.com/openings/Philidor-Defense-3.Bc4,Philidor-Defense-3.Bc4,
203,17998933451,True,1624278237.0,1624278563.0,101,thejace won by resignation,1-0,white,300,thejace,1611,KondCh,1596,e4 c6 Nf3 d5 e5 Bg4 d4 e6 h3 Bh5 Be2 Bb4+ c3 Ba5 O-O Ne7 b4 Bb6 Nbd2 O-O Nb3 f6 a4 a6 a5 Ba7 Ba3 fxe5 Nxe5 Bxe2 Qxe2 Nd7 Rae1 Bb8 Nxd7 Qxd7 Qxe6+ Qxe6 Rxe6 Nf5 g3 Bc7 Rfe1 Rac8 Bc1 h6 Nc5 b6 Nxa6 bxa5 Nxc7 Rxc7 bxa5 Ra8 Bf4 Rca7 Re8+ Kh7 Rxa8 Rxa8 Bc7 Kg6 Re6+ Kf7 Rxc6 Ne7 Rc5 Ke6 Bb6 Kd6 Kg2 g5 h4 g4 f3 h5 fxg4 hxg4 Rb5 Kc6 Rb1 Nc8 Kf2 Rb8 Ke3 Nxb6 Rxb6+ Rxb6 axb6 Kxb6 Kf4 Kb5 Kxg4 Kc4 Kf5 Kxc3 Ke5 Kc4 g4 Kb5 g5,8/8/8/1k1pK1P1/3P3P/8/8/8 b - -,B10,https://www.chess.com/openings/Caro-Kann-Defense-2.Nf3-d5,Caro-Kann-Defense-2.Nf3-d5,
255,16566332319,True,1622845255.0,1622845371.0,78,saurabh2274 won by checkmate,0-1,black,60,MironChesswalker,1874,saurabh2274,1902,b4 b6 Bb2 Bb7 Nc3 Nf6 a3 g6 e3 Bg7 Nf3 O-O d4 e6 Be2 d6 O-O c5 dxc5 bxc5 bxc5 dxc5 Qxd8 Rxd8 Rfd1 Nc6 Rab1 a5 Na4 Ba6 Nxc5 Rxd1+ Bxd1 Bc4 Bxf6 Bxf6 Ne4 Bg7 Nd6 Bd5 Be2 Ne5 Nxe5 Bxe5 f4 Bxd6 Rb6 Bxa3 Bf3 Bxf3 gxf3 Bc5 Rc6 Bxe3+ Kg2 Bxf4 h4 e5 Kh3 a4 Kg4 a3 h5 a2 Kh4 a1=Q h6 Qh1+ Kg4 Qxh6 c4 Qg5+ Kh3 Kg7 c5 h5 Rd6 Qg3#,r7/5pk1/3R2p1/2P1p2p/5b2/5PqK/8/8 w - -,A00,https://www.chess.com/openings/Polish-Opening,Polish-Opening,
                                                                                                                                                                                                                                                                                                                                                                                                                                                                                                                                                                                                                                                                                                                                                                                                                                                                                                                                                                                                                                                                                                                                                                                                                                                                                                                                                                                               